{"name":"d600b309-b63b-4b60-b3d6-dd7f46a0916d","id":"/providers/Microsoft.Flow/flows/d600b309-b63b-4b60-b3d6-dd7f46a0916d","type":"Microsoft.Flow/flows","properties":{"apiId":"/providers/Microsoft.PowerApps/apis/shared_logicflows","displayName":"自动添加Teams用户(greatchinaoffice365)","definition":{"metadata":{"workflowEntityId":null,"creator":{"id":"f3b94dd3-20cc-49a3-98ce-b1287658e8cf","type":"User","tenantId":"72f988bf-86f1-41af-91ab-2d7cd011db47"},"provisioningMethod":"FromDefinition","failureAlertSubscription":true,"clientLastModifiedTime":"2019-05-10T05:30:07.6590983Z"},"$schema":"https://schema.management.azure.com/providers/Microsoft.Logic/schemas/2016-06-01/workflowdefinition.json#","contentVersion":"1.0.0.0","parameters":{"$connections":{"defaultValue":{},"type":"Object"},"$authentication":{"defaultValue":{},"type":"SecureObject"}},"triggers":{"提交新回复时":{"metadata":{"flowSystemMetadata":{"swaggerOperationId":"CreateFormWebhook"}},"type":"ApiConnectionWebhook","inputs":{"host":{"connection":{"name":"@parameters('$connections')['shared_microsoftforms']['connectionId']"},"api":{"runtimeUrl":"https://firstrelease-001.azure-apim.net/apim/microsoftforms"}},"body":{"eventType":"responseAdded","notificationUrl":"@{listCallbackUrl()}","source":"ms-connector"},"path":"/formapi/api/forms/@{encodeURIComponent('v4j5cvGGr0GRqy180BHbR9NNufPMIKNJmM6xKHZY6M9UMk1aT1YzOVFWUjVZRzRTUjBFOVlRNTJCUC4u')}/webhooks","authentication":"@parameters('$authentication')"}}},"actions":{"应用到每一个":{"foreach":"@triggerBody()?['value']","actions":{"获取回复详细信息":{"runAfter":{},"metadata":{"flowSystemMetadata":{"swaggerOperationId":"GetFormResponseById"}},"type":"ApiConnection","inputs":{"host":{"connection":{"name":"@parameters('$connections')['shared_microsoftforms']['connectionId']"},"api":{"runtimeUrl":"https://firstrelease-001.azure-apim.net/apim/microsoftforms"}},"method":"get","path":"/formapi/api/forms('@{encodeURIComponent('v4j5cvGGr0GRqy180BHbR9NNufPMIKNJmM6xKHZY6M9UMk1aT1YzOVFWUjVZRzRTUjBFOVlRNTJCUC4u')}')/responses","queries":{"response_id":"@items('应用到每一个')?['resourceData']?['responseId']"},"authentication":"@parameters('$authentication')"}},"HTTP":{"runAfter":{"Send_an_email":["Succeeded"]},"type":"Http","inputs":{"method":"POST","uri":"https://s4events.azure-automation.net/webhooks?token=GuDodKpMBSmUxSgp6hCt4ROIVAwSkCSrclJg%3d","headers":{"Content-Type":"application/json"},"body":{"username":"@{body('获取回复详细信息')?['rbf971f27916a4e6484a3218e8de66ed0']}","email":"@{body('获取回复详细信息')?['rd3ea9c0b198d455e841433291d2cad94']}","teamid":"2cefd824-1387-43f3-9177-7f1db4f71dcf"}}},"Send_an_email":{"runAfter":{"获取回复详细信息":["Succeeded"]},"metadata":{"flowSystemMetadata":{"swaggerOperationId":"SendEmail"}},"type":"ApiConnection","inputs":{"host":{"connection":{"name":"@parameters('$connections')['shared_office365']['connectionId']"},"api":{"runtimeUrl":"https://firstrelease-001.azure-apim.net/apim/office365"}},"method":"post","body":{"To":"@{body('获取回复详细信息')?['rd3ea9c0b198d455e841433291d2cad94']};","Subject":"你提交的申请已经收到 -Microsoft Teams技术社区","Body":"你好，@{body('获取回复详细信息')?['rbf971f27916a4e6484a3218e8de66ed0']}\n\n我们已经收到你的加入社区申请。请留意查收邮件，并且按照提示进行操作。如果你之前还没有使用过Teams，请尽快完成注册，可能最多需要等待两个小时左右，你就能参与到社区的技术讨论了。\n\n祝好！\n","From":"teamscommunity@microsoft.com"},"path":"/Mail","authentication":"@parameters('$authentication')"}}},"runAfter":{},"type":"Foreach"}}},"connectionReferences":{"shared_microsoftforms":{"connectionName":"shared-microsoftform-50a2471b-0122-4340-ad67-70c89fe5d28e","source":"Embedded","id":"/providers/Microsoft.PowerApps/apis/shared_microsoftforms","tier":"NotSpecified"},"shared_office365":{"connectionName":"shared-office365-8d7d642d-fbe5-4021-8e64-943b0e75b136","source":"Embedded","id":"/providers/Microsoft.PowerApps/apis/shared_office365","tier":"NotSpecified"}},"flowFailureAlertSubscribed":false}}